{
  "code": 202,
  "msg": "success",
  "map": {
    "tx": "头像",
    "xm": "姓名",
    "xbmc": "性别",
    "age": "年龄",
    "sjh": "电话",
    "zjhm": "身份证号",
    "hkszd": "户籍地",
    "zzmcxq": "居住地",
    "xfjc": "信访件次",
    "day": "最新信访时间"
  },
  "data": [
    {
      "tx": "http://39.107.240.28:3389/hbxfdp/file/default.png",
      "xm": "蒋孝平",
      "xbmc": "男",
      "age": 34,
      "sjh": "18911292262",
      "zjhm": "500101198611034418",
      "hkszd": "重庆市涪陵区涪陵区龙潭镇新义村4组65号",
      "zzmcxq": "重庆市涪陵区涪陵区龙潭镇新义村4组65号",
      "xfjc": 134,
      "day": "2020-06-23"
    }
  ]
}
