{
  "code": "200",
  "msg": "success",
  "data":[
    {
      "name": "农村农业",
      "value": 23
    },
    {
      "name": "国土资源",
      "value": 35
    },
    {
      "name": "城乡建设",
      "value": 39
    },
    {
      "name": "劳动和社会保障",
      "value": 16
    },
    {
      "name": "卫生计生",
      "value": 43
    },
    {
      "name": "教育文体",
      "value": 75
    },
    {
      "name": "民政",
      "value": 21
    },
    {
      "name": "政法",
      "value": 28
    }
  ]
}
