{
  "code": 200,
  "msg": "success",
  "map": {
    "xfjbh": "信访编号",
    "xfrq": "信访日期",
    "nrflmc": "内容分类",
    "xfxsmc": "信访形式",
    "xfmdmc": "信访目的",
    "wtsdmc": "问题属地",
    "djjgmc": "登记单位",
    "xfjztmc": "信访状态"
  },
  "data": [
    {
      "xfjbh": "LF130000201601300005",
      "xfrq": "2015年11月30日",
      "nrflmc": "城乡建设/建筑市场/拖欠工程款,
      "xfxsmc": "来访",
      "xfmdmc": "申诉",
      "wtsdmc": "重庆市涪陵区涪陵区",
      "djjgmc": "云南省信访局",
      "xfjztmc": "已作出处理意见"
    }
  ]
}
