{
  "code": 202,
  "msg": "success",
  "map": {
    "xfjc": "重复信访次数",
    "day": "信访日期",
    "xfsx": "信访事项id"
  },
  "data": [
    {
      "xfjc": 2,
      "day": "2011年08月23日",
      "xfsx": "12242643"
    },
    {
      "xfjc": 6,
      "day": "2020年08月12日",
      "xfsx": "23973330"
    },
    {
      "xfjc": 5,
      "day": "2020年08月27日",
      "xfsx": "23891464"
    },
    {
      "xfjc": 1,
      "day": "2020年08月27日",
      "xfsx": "38328676"
    }
  ]
}
